URL,Title,Additional Info,Price,Dealer Rating,Dealer,Seller Type,Location,Phone,Rating,Negotiable,Monthly Rate,Monthly Rate Link,Financing Link,Mileage,Power,Fuel Type,Transmission,First Registration,Vehicle Condition,Category,Model Range,Trim Line,Vehicle Number,Origin,Cubic Capacity,Drive Type,Energy Consumption,CO2 Emissions,CO2 Class,Fuel Consumption,Features,Image URLS
https://suchen.mobile.de/fahrzeuge/details.html?id=445346305&action=topOfPage&dam=false&isSearchRequest=true&ml=%3A50000&ms=17200%3B126%3B%3B&od=up&ref=srp&refId=6d92a156-39e0-2b0d-dd7f-4d5de264b024&s=Car&sb=rel&searchId=6d92a156-39e0-2b0d-dd7f-4d5de264b024&vc=Car,Mercedes-Benz 190,SL*Komplettrestauration*EZ Schweden*Note 1,"€199,000",5 stars,WALLNER Classic GmbH,WALLNER Classic GmbH,DE-85646 Anzing,+49 (0)89 2488540901,No rating,Not found,"from€1,972",https://www.mobile.de/finanzierung/route/outlink/1?adId=445346305&loanType=balloon&loanDuration=60&downPayment=49000&channel=desktop&placement=vip-monthly-rate-box&meta=loid%3A9d6135a0-fc8c-11f0-afbe-85e5bfb67725,https://www.mobile.de/finanzierung/route/outlink/1?adId=445346305&loanType=balloon&loanDuration=60&downPayment=49000&channel=desktop&placement=vip-monthly-rate-box&meta=loid%3A9d6135a0-fc8c-11f0-afbe-85e5bfb67725,63 km,77 kW (105 hp),Petrol,Manual gearbox,01/1958,Used vehicle,"Convertible/Roadster, Classic",W121,190 SL Roadster,ID-HE176,EU edition,"1,884 ccm",Internal combustion engine,,,,,"New service, Non-smoker vehicle, Tuner/radio","https://img.classistatic.de/api/v1/mo-prod/images/69/695248ef-eece-4b2a-955c-0f547da0d0dc?rule=mo-1600, https://img.classistatic.de/api/v1/mo-prod/images/69/695248ef-eece-4b2a-955c-0f547da0d0dc?rule=mo-360, https://img.classistatic.de/api/v1/mo-prod/images/bc/bc2f1e9c-773b-44c6-b914-f52047996901?rule=mo-1024, https://img.classistatic.de/api/v1/mo-prod/images/bc/bc2f1e9c-773b-44c6-b914-f52047996901?rule=mo-360, https://img.classistatic.de/api/v1/mo-prod/images/bc/bc2f1e9c-773b-44c6-b914-f52047996901?rule=mo-1600, https://img.classistatic.de/api/v1/mo-prod/images/0f/0f6604ea-f9af-496c-9cc4-f86bb2649a63?rule=mo-1600, https://img.classistatic.de/api/v1/mo-prod/images/0f/0f6604ea-f9af-496c-9cc4-f86bb2649a63?rule=mo-1024, https://img.classistatic.de/api/v1/mo-prod/images/0f/0f6604ea-f9af-496c-9cc4-f86bb2649a63?rule=mo-360, https://img.classistatic.de/api/v1/mo-prod/images/69/695248ef-eece-4b2a-955c-0f547da0d0dc?rule=mo-1024"
https://suchen.mobile.de/fahrzeuge/details.html?id=438990319&action=topOfPage&dam=false&isSearchRequest=true&ml=%3A50000&ms=17200%3B126%3B%3B&od=up&ref=srp&refId=81aea8a5-5dd9-209b-6be8-1757f701e0e0&s=Car&sb=rel&searchId=81aea8a5-5dd9-209b-6be8-1757f701e0e0&vc=Car,Mercedes-Benz 190,SL Vollrestauriert 93 KM,"€179,990",4.5 stars,Autozentrum Frankenthal GmbH & Co KG,Autozentrum Frankenthal GmbH & Co KG,DE-67227 Frankenthal,+49 (0)... ...,No rating,Not found,"from€1,946",https://www.mobile.de/finanzierung/route/outlink/1?adId=438990319&loanType=balloon&loanDuration=60&downPayment=35998&channel=desktop&placement=vip-monthly-rate-box&meta=loid%3A56259bb0-fc94-11f0-9ddb-d9914b283ee7,https://www.mobile.de/finanzierung/route/outlink/1?adId=438990319&loanType=balloon&loanDuration=60&downPayment=35998&channel=desktop&placement=vip-monthly-rate-box&meta=loid%3A56259bb0-fc94-11f0-9ddb-d9914b283ee7,"2,500 km",77 kW (105 hp),Petrol,Manual gearbox,01/1962,"Used vehicle, Accident-free",Convertible/Roadster,,,K000790,German edition,"1,897 ccm",Internal combustion engine,,,,,"Non-smoker vehicle, Rear wheel drive, Summer tyres, Tuner/radio, Warranty","https://img.classistatic.de/api/v1/mo-prod/images/63/6384ad25-728c-467f-bdad-5465b11fc78c?rule=mo-360, https://img.classistatic.de/api/v1/mo-prod/images/58/58401c0c-cb46-4d45-8c78-c4115e875c7f?rule=mo-1024, https://img.classistatic.de/api/v1/mo-prod/images/63/6384ad25-728c-467f-bdad-5465b11fc78c?rule=mo-1024, https://img.classistatic.de/api/v1/mo-prod/images/63/6384ad25-728c-467f-bdad-5465b11fc78c?rule=mo-1600, https://img.classistatic.de/api/v1/mo-prod/images/d0/d00c9c49-a050-49fe-b666-ef29e2d88698?rule=mo-1024, https://img.classistatic.de/api/v1/mo-prod/images/58/58401c0c-cb46-4d45-8c78-c4115e875c7f?rule=mo-360, https://img.classistatic.de/api/v1/mo-prod/images/d0/d00c9c49-a050-49fe-b666-ef29e2d88698?rule=mo-1600, https://img.classistatic.de/api/v1/mo-prod/images/d0/d00c9c49-a050-49fe-b666-ef29e2d88698?rule=mo-360, https://img.classistatic.de/api/v1/mo-prod/images/58/58401c0c-cb46-4d45-8c78-c4115e875c7f?rule=mo-1600"
https://suchen.mobile.de/fahrzeuge/details.html?id=431492203&dam=false&isSearchRequest=true&ml=%3A50000&ms=17200%3B126%3B%3B&od=up&ref=srp&refId=81aea8a5-5dd9-209b-6be8-1757f701e0e0&s=Car&sb=rel&searchId=81aea8a5-5dd9-209b-6be8-1757f701e0e0&vc=Car,Mercedes-Benz 190,E 1.8 Avantgarde Rosso Neuwertig exCH Limited,"€29,990",4.3 stars,Groß KFZ-Handel GmbH,Groß KFZ-Handel GmbH,DE-84384 Wittibreut,+49 (0)... ...,No rating,Not found,from€325,https://www.mobile.de/finanzierung/route/outlink/1?adId=431492203&loanType=balloon&loanDuration=60&downPayment=5998&channel=desktop&placement=vip-monthly-rate-box&meta=loid%3A5327ec10-fc94-11f0-bcdc-2358347855c4,https://www.mobile.de/finanzierung/route/outlink/1?adId=431492203&loanType=balloon&loanDuration=60&downPayment=5998&channel=desktop&placement=vip-monthly-rate-box&meta=loid%3A5327ec10-fc94-11f0-bcdc-2358347855c4,"38,824 km",80 kW (109 hp),Petrol,Automatic,02/1993,"Used vehicle, Accident-free",Saloon,W201,Avantgarde,,,"1,797 ccm",Internal combustion engine,,,,,"ABS, Alloy wheels, Arm rest, Central locking, Full Service History, Non-smoker vehicle, Rear wheel drive, Summer tyres, Sunroof, Tuner/radio","https://img.classistatic.de/api/v1/mo-prod/images/c7/c7b3c593-51ce-4a0a-aa23-acf64f6e25d4?rule=mo-1024, https://img.classistatic.de/api/v1/mo-prod/images/e3/e3bc8b00-99c8-4663-a664-77d7c30f0a1b?rule=mo-1600, https://img.classistatic.de/api/v1/mo-prod/images/e3/e3bc8b00-99c8-4663-a664-77d7c30f0a1b?rule=mo-360, https://img.classistatic.de/api/v1/mo-prod/images/4d/4d621cc0-5905-4749-bf11-0ecb9b6751e9?rule=mo-1024, https://img.classistatic.de/api/v1/mo-prod/images/c7/c7b3c593-51ce-4a0a-aa23-acf64f6e25d4?rule=mo-1600, https://img.classistatic.de/api/v1/mo-prod/images/c7/c7b3c593-51ce-4a0a-aa23-acf64f6e25d4?rule=mo-360, https://img.classistatic.de/api/v1/mo-prod/images/e3/e3bc8b00-99c8-4663-a664-77d7c30f0a1b?rule=mo-1024, https://img.classistatic.de/api/v1/mo-prod/images/4d/4d621cc0-5905-4749-bf11-0ecb9b6751e9?rule=mo-1600, https://img.classistatic.de/api/v1/mo-prod/images/4d/4d621cc0-5905-4749-bf11-0ecb9b6751e9?rule=mo-360"
https://suchen.mobile.de/fahrzeuge/details.html?id=392045905&action=eyeCatcher&dam=false&isSearchRequest=true&ml=%3A50000&ms=17200%3B126%3B%3B&od=up&ref=srp&refId=81aea8a5-5dd9-209b-6be8-1757f701e0e0&s=Car&sb=rel&searchId=81aea8a5-5dd9-209b-6be8-1757f701e0e0&vc=Car,Mercedes-Benz 190,"E 2.3, Neuzustand, Erst 49.500 km, Historie","€21,950",Not found,Not found,Private Seller,DE-58093 Hagen,+49 (0)171 5206352,No rating,Not found,from€238,https://www.mobile.de/finanzierung/route/outlink/1?adId=392045905&loanType=balloon&loanDuration=60&downPayment=4390&channel=desktop&placement=vip-monthly-rate-box&meta=loid%3A6a3e42f0-fc94-11f0-8847-dfb90a6fb2a5,https://www.mobile.de/finanzierung/route/outlink/1?adId=392045905&loanType=balloon&loanDuration=60&downPayment=4390&channel=desktop&placement=vip-monthly-rate-box&meta=loid%3A6a3e42f0-fc94-11f0-8847-dfb90a6fb2a5,"49,300 km",97 kW (132 hp),Petrol,Manual gearbox,09/1988,"Used vehicle, Accident-free",Saloon,,,,,"2,276 ccm",Internal combustion engine,,,,,"ABS, Alloy wheels, Central locking, Full Service History, Immobilizer, Non-smoker vehicle, Power Assisted Steering, Sport seats, Summer tyres, Tuner/radio","https://img.classistatic.de/api/v1/mo-prod/images/9f/9f2d0489-cbe0-426f-8f97-4e9e603f365f?rule=mo-1600, https://img.classistatic.de/api/v1/mo-prod/images/cf/cfc709f3-b751-4e7a-8c19-025e049d3509?rule=mo-1024, https://img.classistatic.de/api/v1/mo-prod/images/e4/e48949fa-6633-4e42-ab9a-2769a74dd9fb?rule=mo-360, https://img.classistatic.de/api/v1/mo-prod/images/cf/cfc709f3-b751-4e7a-8c19-025e049d3509?rule=mo-1600, https://img.classistatic.de/api/v1/mo-prod/images/cf/cfc709f3-b751-4e7a-8c19-025e049d3509?rule=mo-360, https://img.classistatic.de/api/v1/mo-prod/images/e4/e48949fa-6633-4e42-ab9a-2769a74dd9fb?rule=mo-1600, https://img.classistatic.de/api/v1/mo-prod/images/9f/9f2d0489-cbe0-426f-8f97-4e9e603f365f?rule=mo-1024, https://img.classistatic.de/api/v1/mo-prod/images/e4/e48949fa-6633-4e42-ab9a-2769a74dd9fb?rule=mo-1024, https://img.classistatic.de/api/v1/mo-prod/images/9f/9f2d0489-cbe0-426f-8f97-4e9e603f365f?rule=mo-360"
https://suchen.mobile.de/fahrzeuge/details.html?id=431572476&action=topInCategory&dam=false&isSearchRequest=true&ml=%3A50000&ms=17200%3B126%3B%3B&od=up&ref=srp&refId=81aea8a5-5dd9-209b-6be8-1757f701e0e0&s=Car&sb=rel&searchId=81aea8a5-5dd9-209b-6be8-1757f701e0e0&vc=Car,Mercedes-Benz 190,SL - Top Restauriert,"€148,000",Not found,Not found,Private Seller,DE-63225 Langen,+49 (0)162 7047050,No rating,Negotiable,"from€1,600",https://www.mobile.de/finanzierung/route/outlink/1?adId=431572476&loanType=balloon&loanDuration=60&downPayment=29600&channel=desktop&placement=vip-monthly-rate-box&meta=loid%3A6dc287b0-fc94-11f0-a21e-ed483e651d8a,https://www.mobile.de/finanzierung/route/outlink/1?adId=431572476&loanType=balloon&loanDuration=60&downPayment=29600&channel=desktop&placement=vip-monthly-rate-box&meta=loid%3A6dc287b0-fc94-11f0-a21e-ed483e651d8a,"7,500 km",77 kW (105 hp),Petrol,,07/1957,Used vehicle,"Convertible/Roadster, Classic",,,,,"1,900 ccm",Internal combustion engine,,,,,"Power Assisted Steering, Tuner/radio","https://img.classistatic.de/api/v1/mo-prod/images/d1/d15151db-be76-4cb8-ae13-025c6172fe70?rule=mo-1024, https://img.classistatic.de/api/v1/mo-prod/images/6a/6acbe1ae-4eca-4e5d-a2ec-c1dd6e08b830?rule=mo-360, https://img.classistatic.de/api/v1/mo-prod/images/57/57f0bd29-d3ea-4214-b38c-7984b38a5d5b?rule=mo-1600, https://img.classistatic.de/api/v1/mo-prod/images/6a/6acbe1ae-4eca-4e5d-a2ec-c1dd6e08b830?rule=mo-1024, https://img.classistatic.de/api/v1/mo-prod/images/6a/6acbe1ae-4eca-4e5d-a2ec-c1dd6e08b830?rule=mo-1600, https://img.classistatic.de/api/v1/mo-prod/images/57/57f0bd29-d3ea-4214-b38c-7984b38a5d5b?rule=mo-360, https://img.classistatic.de/api/v1/mo-prod/images/57/57f0bd29-d3ea-4214-b38c-7984b38a5d5b?rule=mo-1024, https://img.classistatic.de/api/v1/mo-prod/images/d1/d15151db-be76-4cb8-ae13-025c6172fe70?rule=mo-360, https://img.classistatic.de/api/v1/mo-prod/images/d1/d15151db-be76-4cb8-ae13-025c6172fe70?rule=mo-1600"
https://suchen.mobile.de/fahrzeuge/details.html?id=409782448&action=topInCategory&dam=false&isSearchRequest=true&ml=%3A50000&ms=17200%3B126%3B%3B&od=up&ref=srp&refId=81aea8a5-5dd9-209b-6be8-1757f701e0e0&s=Car&sb=rel&searchId=81aea8a5-5dd9-209b-6be8-1757f701e0e0&vc=Car,Mercedes-Benz 190,SL Oldtimer,"€129,000",4.6 stars,Jäckle Automobile KG,Jäckle Automobile KG,DE-86825 Bad Wörishofen,+49 (0)... ...,No rating,Not found,"from€1,395",https://www.mobile.de/finanzierung/route/outlink/1?adId=409782448&loanType=balloon&loanDuration=60&downPayment=25800&channel=desktop&placement=vip-monthly-rate-box&meta=loid%3A713b33b0-fc94-11f0-8f6c-81a1a30c98bb,https://www.mobile.de/finanzierung/route/outlink/1?adId=409782448&loanType=balloon&loanDuration=60&downPayment=25800&channel=desktop&placement=vip-monthly-rate-box&meta=loid%3A713b33b0-fc94-11f0-8f6c-81a1a30c98bb,"4,300 km",77 kW (105 hp),Petrol,Manual gearbox,10/1961,Used vehicle,Convertible/Roadster,,,BW22743,German edition,"1,884 ccm",Internal combustion engine,,,,,"Front wheel drive, Non-smoker vehicle","https://img.classistatic.de/api/v1/mo-prod/images/0e/0e8c8fb2-e5d7-4533-b1c0-fd7c53cc02ec?rule=mo-1024, https://img.classistatic.de/api/v1/mo-prod/images/0e/0e8c8fb2-e5d7-4533-b1c0-fd7c53cc02ec?rule=mo-1600, https://img.classistatic.de/api/v1/mo-prod/images/4c/4c863b4b-a051-4f0e-9386-5765cf37bad1?rule=mo-360, https://img.classistatic.de/api/v1/mo-prod/images/4c/4c863b4b-a051-4f0e-9386-5765cf37bad1?rule=mo-1024, https://img.classistatic.de/api/v1/mo-prod/images/4c/4c863b4b-a051-4f0e-9386-5765cf37bad1?rule=mo-1600, https://img.classistatic.de/api/v1/mo-prod/images/a6/a63d03ac-78a9-48c2-9c19-b2d2bc5ef16f?rule=mo-1600, https://img.classistatic.de/api/v1/mo-prod/images/0e/0e8c8fb2-e5d7-4533-b1c0-fd7c53cc02ec?rule=mo-360, https://img.classistatic.de/api/v1/mo-prod/images/a6/a63d03ac-78a9-48c2-9c19-b2d2bc5ef16f?rule=mo-360, https://img.classistatic.de/api/v1/mo-prod/images/a6/a63d03ac-78a9-48c2-9c19-b2d2bc5ef16f?rule=mo-1024"
https://suchen.mobile.de/fahrzeuge/details.html?id=444479532&action=topInCategory&dam=false&isSearchRequest=true&ml=%3A50000&ms=17200%3B126%3B%3B&od=up&ref=srp&refId=81aea8a5-5dd9-209b-6be8-1757f701e0e0&s=Car&sb=rel&searchId=81aea8a5-5dd9-209b-6be8-1757f701e0e0&vc=Car,Mercedes-Benz 190,,"€22,999",Not found,Not found,Business,HU-2120 Dunakeszi,+36 70 418 2659,No rating,Not found,from€249,https://www.mobile.de/finanzierung/route/outlink/1?adId=444479532&loanType=balloon&loanDuration=60&downPayment=4599&channel=desktop&placement=vip-monthly-rate-box&meta=loid%3A7adfebe0-fc94-11f0-9aea-85a814315b92,https://www.mobile.de/finanzierung/route/outlink/1?adId=444479532&loanType=balloon&loanDuration=60&downPayment=4599&channel=desktop&placement=vip-monthly-rate-box&meta=loid%3A7adfebe0-fc94-11f0-9aea-85a814315b92,"11,000 km",90 kW (122 hp),Petrol,Manual gearbox,04/1992,"Used vehicle, Accident-free",Saloon,,,,,"1,998 ccm",Internal combustion engine,,,,,"ABS, Alarm system, Alloy wheels, Arm rest, Central locking, Electric side mirror, Electric windows, Fog lamps, Full Service History, Non-smoker vehicle, Power Assisted Steering, Rear wheel drive, Summer tyres","https://img.classistatic.de/api/v1/mo-prod/images/47/47febfba-80b4-4efd-baa0-841a8978b71b?rule=mo-1024, https://img.classistatic.de/api/v1/mo-prod/images/0a/0a51dbc8-5ab5-400a-8a11-dcbc01948a59?rule=mo-360, https://img.classistatic.de/api/v1/mo-prod/images/0a/0a51dbc8-5ab5-400a-8a11-dcbc01948a59?rule=mo-1024, https://img.classistatic.de/api/v1/mo-prod/images/42/4261f00d-6eb8-4e0b-885d-51b0410471be?rule=mo-1600, https://img.classistatic.de/api/v1/mo-prod/images/42/4261f00d-6eb8-4e0b-885d-51b0410471be?rule=mo-360, https://img.classistatic.de/api/v1/mo-prod/images/47/47febfba-80b4-4efd-baa0-841a8978b71b?rule=mo-1600, https://img.classistatic.de/api/v1/mo-prod/images/0a/0a51dbc8-5ab5-400a-8a11-dcbc01948a59?rule=mo-1600, https://img.classistatic.de/api/v1/mo-prod/images/42/4261f00d-6eb8-4e0b-885d-51b0410471be?rule=mo-1024, https://img.classistatic.de/api/v1/mo-prod/images/47/47febfba-80b4-4efd-baa0-841a8978b71b?rule=mo-360"
https://suchen.mobile.de/fahrzeuge/details.html?id=439959580&dam=false&isSearchRequest=true&ml=%3A50000&ms=17200%3B126%3B%3B&od=up&ref=srp&refId=81aea8a5-5dd9-209b-6be8-1757f701e0e0&s=Car&sb=rel&searchId=81aea8a5-5dd9-209b-6be8-1757f701e0e0&vc=Car,Mercedes-Benz 190,E 1.8,"€21,950",4.4 stars,HooG Selections B.V.,HooG Selections B.V.,NL-2222AH Katwijk,+31 (0)... ...,No rating,Not found,from€238,https://www.mobile.de/finanzierung/route/outlink/1?adId=439959580&loanType=balloon&loanDuration=60&downPayment=4390&channel=desktop&placement=vip-monthly-rate-box&meta=loid%3A71022250-fc94-11f0-bb38-139412147ed8,https://www.mobile.de/finanzierung/route/outlink/1?adId=439959580&loanType=balloon&loanDuration=60&downPayment=4390&channel=desktop&placement=vip-monthly-rate-box&meta=loid%3A71022250-fc94-11f0-bb38-139412147ed8,"38,970 km",80 kW (109 hp),Petrol,Manual gearbox,06/1992,Used vehicle,"Saloon, Classic",,,RODZ334 | 2694444,,"1,797 ccm",Internal combustion engine,,,,,,"https://img.classistatic.de/api/v1/mo-prod/images/14/146b787c-950e-4257-9fec-6bca76f59372?rule=mo-360, https://img.classistatic.de/api/v1/mo-prod/images/1c/1cbb88e3-2e3c-4794-9264-f9509cf223b7?rule=mo-1600, https://img.classistatic.de/api/v1/mo-prod/images/53/53e83a28-cfa6-455d-9835-00513ec2b6d8?rule=mo-360, https://img.classistatic.de/api/v1/mo-prod/images/1c/1cbb88e3-2e3c-4794-9264-f9509cf223b7?rule=mo-1024, https://img.classistatic.de/api/v1/mo-prod/images/14/146b787c-950e-4257-9fec-6bca76f59372?rule=mo-1600, https://img.classistatic.de/api/v1/mo-prod/images/53/53e83a28-cfa6-455d-9835-00513ec2b6d8?rule=mo-1024, https://img.classistatic.de/api/v1/mo-prod/images/14/146b787c-950e-4257-9fec-6bca76f59372?rule=mo-1024, https://img.classistatic.de/api/v1/mo-prod/images/53/53e83a28-cfa6-455d-9835-00513ec2b6d8?rule=mo-1600, https://img.classistatic.de/api/v1/mo-prod/images/1c/1cbb88e3-2e3c-4794-9264-f9509cf223b7?rule=mo-360"
https://suchen.mobile.de/fahrzeuge/details.html?id=441235780&dam=false&isSearchRequest=true&ml=%3A50000&ms=17200%3B126%3B%3B&od=up&ref=srp&refId=81aea8a5-5dd9-209b-6be8-1757f701e0e0&s=Car&sb=rel&searchId=81aea8a5-5dd9-209b-6be8-1757f701e0e0&vc=Car,Mercedes-Benz 190,E 42.787 KM eSSD Karo H-Kennz. Scheckheft,"€16,950",4.9 stars,Martin Oberschulte,Martin Oberschulte,DE-44329 Dortmund,+49 (0)... ...,No rating,Not found,from€184,https://www.mobile.de/finanzierung/route/outlink/1?adId=441235780&loanType=balloon&loanDuration=60&downPayment=3390&channel=desktop&placement=vip-monthly-rate-box&meta=loid%3A88ff56c0-fc94-11f0-96be-3571d935eee3,https://www.mobile.de/finanzierung/route/outlink/1?adId=441235780&loanType=balloon&loanDuration=60&downPayment=3390&channel=desktop&placement=vip-monthly-rate-box&meta=loid%3A88ff56c0-fc94-11f0-96be-3571d935eee3,"42,787 km",80 kW (109 hp),Petrol,Manual gearbox,05/1991,"Used vehicle, Accident-free","Saloon, Classic",W201,Jahreswagenzustand,,German edition,"1,797 ccm",Internal combustion engine,,,,,"ABS, Central locking, Electric side mirror, Fog lamps, Full Service History, Heated seats, Non-smoker vehicle, Power Assisted Steering, Steel wheels, Summer tyres, Sunroof, Tuner/radio","https://img.classistatic.de/api/v1/mo-prod/images/2e/2e28599d-2ba3-4d34-890b-4c4f187571e3?rule=mo-1024, https://img.classistatic.de/api/v1/mo-prod/images/14/14f4d9d3-bda0-422e-9e1d-cb2bb2b9758a?rule=mo-1600, https://img.classistatic.de/api/v1/mo-prod/images/bc/bc273c72-65ba-466f-8efe-390b6792c9d0?rule=mo-1600, https://img.classistatic.de/api/v1/mo-prod/images/bc/bc273c72-65ba-466f-8efe-390b6792c9d0?rule=mo-360, https://img.classistatic.de/api/v1/mo-prod/images/2e/2e28599d-2ba3-4d34-890b-4c4f187571e3?rule=mo-1600, https://img.classistatic.de/api/v1/mo-prod/images/bc/bc273c72-65ba-466f-8efe-390b6792c9d0?rule=mo-1024, https://img.classistatic.de/api/v1/mo-prod/images/2e/2e28599d-2ba3-4d34-890b-4c4f187571e3?rule=mo-360, https://img.classistatic.de/api/v1/mo-prod/images/14/14f4d9d3-bda0-422e-9e1d-cb2bb2b9758a?rule=mo-360, https://img.classistatic.de/api/v1/mo-prod/images/14/14f4d9d3-bda0-422e-9e1d-cb2bb2b9758a?rule=mo-1024"
https://suchen.mobile.de/fahrzeuge/details.html?id=434686436&dam=false&isSearchRequest=true&ml=%3A50000&ms=17200%3B126%3B%3B&od=up&ref=srp&refId=81aea8a5-5dd9-209b-6be8-1757f701e0e0&s=Car&sb=rel&searchId=81aea8a5-5dd9-209b-6be8-1757f701e0e0&vc=Car,Mercedes-Benz 190,E 1.8 W201 *ZV*42 TKM*Servolenkung*,"€12,990",5 stars,ALPINE Automobile GmbH & Co. KG,ALPINE Automobile GmbH & Co. KG,DE-83395 Freilassing,+49 (0)... ...,No rating,Not found,from€141,https://www.mobile.de/finanzierung/route/outlink/1?adId=434686436&loanType=balloon&loanDuration=60&downPayment=2598&channel=desktop&placement=vip-monthly-rate-box&meta=loid%3A92831970-fc94-11f0-918c-bf2cc75e2f0d,https://www.mobile.de/finanzierung/route/outlink/1?adId=434686436&loanType=balloon&loanDuration=60&downPayment=2598&channel=desktop&placement=vip-monthly-rate-box&meta=loid%3A92831970-fc94-11f0-918c-bf2cc75e2f0d,"42,200 km",80 kW (109 hp),Petrol,Manual gearbox,01/1991,Used vehicle,Saloon,W201,Standard,,,"1,797 ccm",Internal combustion engine,,,,,"Alloy wheels, Central locking, Full Service History, Leather steering wheel, Non-smoker vehicle, Power Assisted Steering, Steel wheels, Summer tyres, Tuner/radio","https://img.classistatic.de/api/v1/mo-prod/images/5b/5b4923a1-30e3-430f-9322-8ed76a1c9827?rule=mo-1600, https://img.classistatic.de/api/v1/mo-prod/images/09/09f04d87-2543-456d-8927-f751f06e17b5?rule=mo-1024, https://img.classistatic.de/api/v1/mo-prod/images/09/09f04d87-2543-456d-8927-f751f06e17b5?rule=mo-360, https://img.classistatic.de/api/v1/mo-prod/images/0c/0c545f0a-db99-4b1f-bf64-826a94e94332?rule=mo-1600, https://img.classistatic.de/api/v1/mo-prod/images/0c/0c545f0a-db99-4b1f-bf64-826a94e94332?rule=mo-360, https://img.classistatic.de/api/v1/mo-prod/images/09/09f04d87-2543-456d-8927-f751f06e17b5?rule=mo-1600, https://img.classistatic.de/api/v1/mo-prod/images/5b/5b4923a1-30e3-430f-9322-8ed76a1c9827?rule=mo-360, https://img.classistatic.de/api/v1/mo-prod/images/0c/0c545f0a-db99-4b1f-bf64-826a94e94332?rule=mo-1024, https://img.classistatic.de/api/v1/mo-prod/images/5b/5b4923a1-30e3-430f-9322-8ed76a1c9827?rule=mo-1024"
https://suchen.mobile.de/fahrzeuge/details.html?id=388974891&dam=false&isSearchRequest=true&ml=%3A50000&ms=17200%3B126%3B%3B&od=up&ref=srp&refId=81aea8a5-5dd9-209b-6be8-1757f701e0e0&s=Car&sb=rel&searchId=81aea8a5-5dd9-209b-6be8-1757f701e0e0&vc=Car,Mercedes-Benz 190,E W201*SSD*2.Hand*deutsches Auto*Oldtimer,"€12,500",4.9 stars,Krusche Automobile,Krusche Automobile,DE-84051 Altheim,+49 (0)... ...,No rating,Not found,from€136,https://www.mobile.de/finanzierung/route/outlink/1?adId=388974891&loanType=balloon&loanDuration=60&downPayment=2500&channel=desktop&placement=vip-monthly-rate-box&meta=loid%3A9bf59e10-fc94-11f0-a199-3d0a202c70d8,https://www.mobile.de/finanzierung/route/outlink/1?adId=388974891&loanType=balloon&loanDuration=60&downPayment=2500&channel=desktop&placement=vip-monthly-rate-box&meta=loid%3A9bf59e10-fc94-11f0-a199-3d0a202c70d8,"34,800 km",87 kW (118 hp),Petrol,Manual gearbox,06/1987,"Used vehicle, Accident-free","Saloon, Classic",,,,German edition,"1,977 ccm",Internal combustion engine,,,,,"ABS, Alloy wheels, Cargo barrier, Central locking, Electric windows, Non-smoker vehicle, Power Assisted Steering, Summer tyres, Sunroof, Tuner/radio","https://img.classistatic.de/api/v1/mo-prod/images/72/72fcf273-8102-4890-9481-d35b4b46f59a?rule=mo-360, https://img.classistatic.de/api/v1/mo-prod/images/e2/e2bca7ca-3d88-4499-a60c-479ef9023435?rule=mo-1600, https://img.classistatic.de/api/v1/mo-prod/images/8c/8c4c3d9c-e72d-4621-9a3d-12ad65b7f482?rule=mo-1024, https://img.classistatic.de/api/v1/mo-prod/images/8c/8c4c3d9c-e72d-4621-9a3d-12ad65b7f482?rule=mo-360, https://img.classistatic.de/api/v1/mo-prod/images/72/72fcf273-8102-4890-9481-d35b4b46f59a?rule=mo-1024, https://img.classistatic.de/api/v1/mo-prod/images/e2/e2bca7ca-3d88-4499-a60c-479ef9023435?rule=mo-360, https://img.classistatic.de/api/v1/mo-prod/images/e2/e2bca7ca-3d88-4499-a60c-479ef9023435?rule=mo-1024, https://img.classistatic.de/api/v1/mo-prod/images/8c/8c4c3d9c-e72d-4621-9a3d-12ad65b7f482?rule=mo-1600, https://img.classistatic.de/api/v1/mo-prod/images/72/72fcf273-8102-4890-9481-d35b4b46f59a?rule=mo-1600"
https://suchen.mobile.de/fahrzeuge/details.html?id=445068323&dam=false&isSearchRequest=true&ml=%3A50000&ms=17200%3B126%3B%3B&od=up&ref=srp&refId=81aea8a5-5dd9-209b-6be8-1757f701e0e0&s=Car&sb=rel&searchId=81aea8a5-5dd9-209b-6be8-1757f701e0e0&vc=Car,Mercedes-Benz 190,"180d Ponton,1.Hand Original Papiere von damals","€14,950",4.7 stars,Automobile Maikel Derrez,Automobile Maikel Derrez,DE-41462 Neuss,+49 (0)... ...,No rating,Not found,from€162,https://www.mobile.de/finanzierung/route/outlink/1?adId=445068323&loanType=balloon&loanDuration=60&downPayment=2990&channel=desktop&placement=vip-monthly-rate-box&meta=loid%3Aa5337e20-fc94-11f0-b018-475976956d4a,https://www.mobile.de/finanzierung/route/outlink/1?adId=445068323&loanType=balloon&loanDuration=60&downPayment=2990&channel=desktop&placement=vip-monthly-rate-box&meta=loid%3Aa5337e20-fc94-11f0-b018-475976956d4a,"41,000 km",,Diesel,,03/1960,Used vehicle,Saloon,Ponton 180db,Ponton 180db,,,,Internal combustion engine,,,,,Non-smoker vehicle,"https://img.classistatic.de/api/v1/mo-prod/images/2a/2a86116c-97ab-4b23-b4a1-3574f47c2561?rule=mo-360, https://img.classistatic.de/api/v1/mo-prod/images/2a/2a86116c-97ab-4b23-b4a1-3574f47c2561?rule=mo-1024, https://img.classistatic.de/api/v1/mo-prod/images/c7/c71e22e3-8f98-4067-9a76-792e14646c5f?rule=mo-1024, https://img.classistatic.de/api/v1/mo-prod/images/ed/edf7eab0-c7c2-4f92-a405-dad7b0b9d950?rule=mo-1024, https://img.classistatic.de/api/v1/mo-prod/images/ed/edf7eab0-c7c2-4f92-a405-dad7b0b9d950?rule=mo-360, https://img.classistatic.de/api/v1/mo-prod/images/c7/c71e22e3-8f98-4067-9a76-792e14646c5f?rule=mo-1600, https://img.classistatic.de/api/v1/mo-prod/images/2a/2a86116c-97ab-4b23-b4a1-3574f47c2561?rule=mo-1600, https://img.classistatic.de/api/v1/mo-prod/images/c7/c71e22e3-8f98-4067-9a76-792e14646c5f?rule=mo-360, https://img.classistatic.de/api/v1/mo-prod/images/ed/edf7eab0-c7c2-4f92-a405-dad7b0b9d950?rule=mo-1600"
https://suchen.mobile.de/fahrzeuge/details.html?id=433267418&dam=false&isSearchRequest=true&ml=%3A50000&ms=17200%3B126%3B%3B&od=up&ref=srp&refId=81aea8a5-5dd9-209b-6be8-1757f701e0e0&s=Car&sb=rel&searchId=81aea8a5-5dd9-209b-6be8-1757f701e0e0&vc=Car,Mercedes-Benz 190,e 2.0 *14TKM*TOP Zustand*Schiebedach*,"€22,890",5 stars,Autohaus Zeitlos GmbH,Autohaus Zeitlos GmbH,DE-44143 Dortmund Innenstadt Ost,+49 (0)... ...,No rating,Not found,from€199mth.,https://www.mobile.de/finanzierung/route/outlink/3?adId=433267418&loanType=balloon&loanDuration=60&downPayment=4578&channel=desktop&placement=vip-monthly-rate-link&meta=loid%3Aaea391c4-fc94-11f0-bc2a-556cd7bea1cb,https://www.mobile.de/finanzierung/route/outlink/3?adId=433267418&loanType=balloon&loanDuration=60&downPayment=4578&channel=desktop&placement=vip-monthly-rate-link&meta=loid%3Aaea391c4-fc94-11f0-bc2a-556cd7bea1cb,"14,025 km",90 kW (122 hp),"Petrol, E10-enabled",Manual gearbox,04/1991,"Used vehicle, Accident-free",Saloon,W201,190e,,German edition,"1,996 ccm",Internal combustion engine,,,,,"ABS, Alloy wheels, Central locking, New service, Power Assisted Steering, Rear wheel drive, Summer tyres, Sunroof, Tuner/radio","https://img.classistatic.de/api/v1/mo-prod/images/a9/a9f3867d-7625-4a4a-8c53-6ae0dc7ffa1d?rule=mo-360, https://img.classistatic.de/api/v1/mo-prod/images/f8/f89df511-37cc-45b7-99e2-15b72e5b408b?rule=mo-360, https://img.classistatic.de/api/v1/mo-prod/images/f8/f89df511-37cc-45b7-99e2-15b72e5b408b?rule=mo-1024, https://img.classistatic.de/api/v1/mo-prod/images/f8/f89df511-37cc-45b7-99e2-15b72e5b408b?rule=mo-1600, https://img.classistatic.de/api/v1/mo-prod/images/a9/a9f3867d-7625-4a4a-8c53-6ae0dc7ffa1d?rule=mo-1600, https://img.classistatic.de/api/v1/mo-prod/images/71/7122421f-efd1-4604-a1e1-72e9085436bb?rule=mo-1600, https://img.classistatic.de/api/v1/mo-prod/images/71/7122421f-efd1-4604-a1e1-72e9085436bb?rule=mo-360, https://img.classistatic.de/api/v1/mo-prod/images/71/7122421f-efd1-4604-a1e1-72e9085436bb?rule=mo-1024, https://img.classistatic.de/api/v1/mo-prod/images/a9/a9f3867d-7625-4a4a-8c53-6ae0dc7ffa1d?rule=mo-1024"
https://suchen.mobile.de/fahrzeuge/details.html?id=436616468&dam=false&isSearchRequest=true&ml=%3A50000&ms=17200%3B126%3B%3B&od=up&ref=srp&refId=81aea8a5-5dd9-209b-6be8-1757f701e0e0&s=Car&sb=rel&searchId=81aea8a5-5dd9-209b-6be8-1757f701e0e0&vc=Car,Mercedes-Benz 190,D/2.0 52 PS/W110/HECKFLOSSE/LEDER/SCHIEBEDACH,"€22,900",4.8 stars,MBT Sportcars GmbH,MBT Sportcars GmbH,DE-80538 München,+49 (0)... ...,No rating,Not found,from€248,https://www.mobile.de/finanzierung/route/outlink/1?adId=436616468&loanType=balloon&loanDuration=60&downPayment=4580&channel=desktop&placement=vip-monthly-rate-box&meta=loid%3Ab7e6a1f0-fc94-11f0-af12-e3028b8aab84,https://www.mobile.de/finanzierung/route/outlink/1?adId=436616468&loanType=balloon&loanDuration=60&downPayment=4580&channel=desktop&placement=vip-monthly-rate-box&meta=loid%3Ab7e6a1f0-fc94-11f0-af12-e3028b8aab84,"26,723 km",40 kW (54 hp),Diesel,Manual gearbox,04/1964,"Used vehicle, Accident-free",Saloon,w110,Heckflosse,,,"1,974 ccm",Internal combustion engine,,,,,"Non-smoker vehicle, Tuner/radio","https://img.classistatic.de/api/v1/mo-prod/images/1d/1dd57d88-a13a-4e89-86ed-2e51fbc7fb91?rule=mo-360, https://img.classistatic.de/api/v1/mo-prod/images/1d/1dd57d88-a13a-4e89-86ed-2e51fbc7fb91?rule=mo-1024, https://img.classistatic.de/api/v1/mo-prod/images/f6/f606d67e-a7a3-4824-b323-e110d05de533?rule=mo-1024, https://img.classistatic.de/api/v1/mo-prod/images/1d/1dd57d88-a13a-4e89-86ed-2e51fbc7fb91?rule=mo-1600, https://img.classistatic.de/api/v1/mo-prod/images/f6/f606d67e-a7a3-4824-b323-e110d05de533?rule=mo-360, https://img.classistatic.de/api/v1/mo-prod/images/f6/f606d67e-a7a3-4824-b323-e110d05de533?rule=mo-1600, https://img.classistatic.de/api/v1/mo-prod/images/f7/f7650211-53dc-4bdd-a73b-0b81aab2df7c?rule=mo-360, https://img.classistatic.de/api/v1/mo-prod/images/f7/f7650211-53dc-4bdd-a73b-0b81aab2df7c?rule=mo-1600, https://img.classistatic.de/api/v1/mo-prod/images/f7/f7650211-53dc-4bdd-a73b-0b81aab2df7c?rule=mo-1024"
https://suchen.mobile.de/fahrzeuge/details.html?id=443438998&action=eyeCatcher&dam=false&isSearchRequest=true&ml=%3A50000&ms=17200%3B126%3B%3B&od=up&ref=srp&refId=81aea8a5-5dd9-209b-6be8-1757f701e0e0&s=Car&sb=rel&searchId=81aea8a5-5dd9-209b-6be8-1757f701e0e0&vc=Car,Mercedes-Benz 190,1. Hand 8.800 km Oldtimer Scheckheftgepflegt,"€22,900",Not found,Not found,Private Seller,DE-49477 Ibbenbüren,Not found,No rating,Not found,from€248,https://www.mobile.de/finanzierung/route/outlink/1?adId=443438998&loanType=balloon&loanDuration=60&downPayment=4580&channel=desktop&placement=vip-monthly-rate-box&meta=loid%3Ac21ec080-fc94-11f0-9404-47c2ce032531,https://www.mobile.de/finanzierung/route/outlink/1?adId=443438998&loanType=balloon&loanDuration=60&downPayment=4580&channel=desktop&placement=vip-monthly-rate-box&meta=loid%3Ac21ec080-fc94-11f0-9404-47c2ce032531,"8,800 km",77 kW (105 hp),Petrol,Manual gearbox,08/1987,"Used vehicle, Accident-free",Saloon,,,,,"1,997 ccm",Internal combustion engine,,,,,"ABS, Full Service History, Immobilizer, Non-smoker vehicle","https://img.classistatic.de/api/v1/mo-prod/images/44/44a0603c-c6d0-4e57-ad1c-12a60a84a3e6?rule=mo-360, https://img.classistatic.de/api/v1/mo-prod/images/33/334b1fce-5aad-46ff-8c30-74a51903a421?rule=mo-360, https://img.classistatic.de/api/v1/mo-prod/images/a8/a84ed101-4bac-4bea-a873-15a2cc7369e5?rule=mo-360, https://img.classistatic.de/api/v1/mo-prod/images/44/44a0603c-c6d0-4e57-ad1c-12a60a84a3e6?rule=mo-1600, https://img.classistatic.de/api/v1/mo-prod/images/33/334b1fce-5aad-46ff-8c30-74a51903a421?rule=mo-1600, https://img.classistatic.de/api/v1/mo-prod/images/44/44a0603c-c6d0-4e57-ad1c-12a60a84a3e6?rule=mo-1024, https://img.classistatic.de/api/v1/mo-prod/images/a8/a84ed101-4bac-4bea-a873-15a2cc7369e5?rule=mo-1600, https://img.classistatic.de/api/v1/mo-prod/images/a8/a84ed101-4bac-4bea-a873-15a2cc7369e5?rule=mo-1024, https://img.classistatic.de/api/v1/mo-prod/images/33/334b1fce-5aad-46ff-8c30-74a51903a421?rule=mo-1024"
https://suchen.mobile.de/fahrzeuge/details.html?id=445080066&dam=false&isSearchRequest=true&ml=%3A50000&ms=17200%3B126%3B%3B&od=up&ref=srp&refId=81aea8a5-5dd9-209b-6be8-1757f701e0e0&s=Car&sb=rel&searchId=81aea8a5-5dd9-209b-6be8-1757f701e0e0&vc=Car,Mercedes-Benz 190,"E 2,3 16V Replika TOP Rekons. 2025 Orig.Teile","€35,000",1 star,Christodoulidou Elena,Christodoulidou Elena,DE-80992 München,+49 (0)... ...,No rating,Not found,from€379,https://www.mobile.de/finanzierung/route/outlink/1?adId=445080066&loanType=balloon&loanDuration=60&downPayment=7000&channel=desktop&placement=vip-monthly-rate-box&meta=loid%3Acd72af50-fc94-11f0-bf33-3d95294565aa,https://www.mobile.de/finanzierung/route/outlink/1?adId=445080066&loanType=balloon&loanDuration=60&downPayment=7000&channel=desktop&placement=vip-monthly-rate-box&meta=loid%3Acd72af50-fc94-11f0-bf33-3d95294565aa,100 km,169 kW (230 hp),Petrol,Manual gearbox,07/1992,"Used vehicle, Accident-free",Saloon,W201,sport,,German edition,"2,300 ccm",Internal combustion engine,,,,,"New service, Rear wheel drive, Sport seats, Sports package, Sports suspension","https://img.classistatic.de/api/v1/mo-prod/images/44/4422b895-983d-4caf-bf43-b9c23216c8c9?rule=mo-1024, https://img.classistatic.de/api/v1/mo-prod/images/c7/c7e82ec6-a98c-425e-9b18-0f36968ff10e?rule=mo-1024, https://img.classistatic.de/api/v1/mo-prod/images/46/4679f582-e523-46b3-b56a-b2a1d75f6a4d?rule=mo-360, https://img.classistatic.de/api/v1/mo-prod/images/46/4679f582-e523-46b3-b56a-b2a1d75f6a4d?rule=mo-1024, https://img.classistatic.de/api/v1/mo-prod/images/46/4679f582-e523-46b3-b56a-b2a1d75f6a4d?rule=mo-1600, https://img.classistatic.de/api/v1/mo-prod/images/c7/c7e82ec6-a98c-425e-9b18-0f36968ff10e?rule=mo-360, https://img.classistatic.de/api/v1/mo-prod/images/c7/c7e82ec6-a98c-425e-9b18-0f36968ff10e?rule=mo-1600, https://img.classistatic.de/api/v1/mo-prod/images/44/4422b895-983d-4caf-bf43-b9c23216c8c9?rule=mo-360, https://img.classistatic.de/api/v1/mo-prod/images/44/4422b895-983d-4caf-bf43-b9c23216c8c9?rule=mo-1600"
https://suchen.mobile.de/fahrzeuge/details.html?id=439848995&action=eyeCatcher&dam=false&isSearchRequest=true&ml=%3A50000&ms=17200%3B126%3B%3B&od=up&ref=srp&refId=81aea8a5-5dd9-209b-6be8-1757f701e0e0&s=Car&sb=rel&searchId=81aea8a5-5dd9-209b-6be8-1757f701e0e0&vc=Car,Mercedes-Benz 190,,"€49,000",Not found,Not found,Private Seller,DE-35630 Ehringshausen,+49 (0)160 1583000,No rating,Not found,from€530,https://www.mobile.de/finanzierung/route/outlink/1?adId=439848995&loanType=balloon&loanDuration=60&downPayment=9800&channel=desktop&placement=vip-monthly-rate-box&meta=loid%3Ad7e035c0-fc94-11f0-9b51-99baadf7ecc2,https://www.mobile.de/finanzierung/route/outlink/1?adId=439848995&loanType=balloon&loanDuration=60&downPayment=9800&channel=desktop&placement=vip-monthly-rate-box&meta=loid%3Ad7e035c0-fc94-11f0-9b51-99baadf7ecc2,1 km,77 kW (105 hp),Petrol,Manual gearbox,06/1957,"Used vehicle, Not roadworthy","Convertible/Roadster, Classic",,,,,"1,900 ccm",Internal combustion engine,,,,,"Rear wheel drive, Traction control","https://img.classistatic.de/api/v1/mo-prod/images/88/88d5c767-6985-471c-95a8-4090b29bc092?rule=mo-1600, https://img.classistatic.de/api/v1/mo-prod/images/25/25d2cd5d-de54-482a-9629-499520087141?rule=mo-360, https://img.classistatic.de/api/v1/mo-prod/images/88/88d5c767-6985-471c-95a8-4090b29bc092?rule=mo-1024, https://img.classistatic.de/api/v1/mo-prod/images/93/93d9d81e-ca8a-4111-9086-f295b9639d2c?rule=mo-1600, https://img.classistatic.de/api/v1/mo-prod/images/88/88d5c767-6985-471c-95a8-4090b29bc092?rule=mo-360, https://img.classistatic.de/api/v1/mo-prod/images/25/25d2cd5d-de54-482a-9629-499520087141?rule=mo-1600, https://img.classistatic.de/api/v1/mo-prod/images/93/93d9d81e-ca8a-4111-9086-f295b9639d2c?rule=mo-360, https://img.classistatic.de/api/v1/mo-prod/images/93/93d9d81e-ca8a-4111-9086-f295b9639d2c?rule=mo-1024, https://img.classistatic.de/api/v1/mo-prod/images/25/25d2cd5d-de54-482a-9629-499520087141?rule=mo-1024"
https://suchen.mobile.de/fahrzeuge/details.html?id=428006195&dam=false&isSearchRequest=true&ml=%3A50000&ms=17200%3B126%3B%3B&od=up&ref=srp&refId=81aea8a5-5dd9-209b-6be8-1757f701e0e0&s=Car&sb=rel&searchId=81aea8a5-5dd9-209b-6be8-1757f701e0e0&vc=Car,Mercedes-Benz 190,1.8 E,"€16,700",1 star,Autohaus Kasselmann/TK Classics,Autohaus Kasselmann/TK Classics,DE-33100 Paderborn,+49 (0)... ...,No rating,Not found,from€181,https://www.mobile.de/finanzierung/route/outlink/1?adId=428006195&loanType=balloon&loanDuration=60&downPayment=3340&channel=desktop&placement=vip-monthly-rate-box&meta=loid%3Acf002d20-fc94-11f0-8007-31cda11639ba,https://www.mobile.de/finanzierung/route/outlink/1?adId=428006195&loanType=balloon&loanDuration=60&downPayment=3340&channel=desktop&placement=vip-monthly-rate-box&meta=loid%3Acf002d20-fc94-11f0-8007-31cda11639ba,"48,600 km",80 kW (109 hp),Petrol,Manual gearbox,10/1990,"Used vehicle, Accident-free","Saloon, Classic",,,210-581943,,"1,797 ccm",Internal combustion engine,,,,,"Electric side mirror, Fog lamps, Power Assisted Steering, Steel wheels, Tuner/radio","https://img.classistatic.de/api/v1/mo-prod/images/3e/3ece84c2-b578-4160-94a4-5415ef115fc2?rule=mo-1024, https://img.classistatic.de/api/v1/mo-prod/images/3e/3ece84c2-b578-4160-94a4-5415ef115fc2?rule=mo-1600, https://img.classistatic.de/api/v1/mo-prod/images/f8/f8d904aa-9e30-4016-865b-06bc17aa45e8?rule=mo-1024, https://img.classistatic.de/api/v1/mo-prod/images/f8/f8d904aa-9e30-4016-865b-06bc17aa45e8?rule=mo-360, https://img.classistatic.de/api/v1/mo-prod/images/12/128d1fd9-b0fe-4b60-b35f-bc7605515977?rule=mo-1024, https://img.classistatic.de/api/v1/mo-prod/images/3e/3ece84c2-b578-4160-94a4-5415ef115fc2?rule=mo-360, https://img.classistatic.de/api/v1/mo-prod/images/12/128d1fd9-b0fe-4b60-b35f-bc7605515977?rule=mo-1600, https://img.classistatic.de/api/v1/mo-prod/images/12/128d1fd9-b0fe-4b60-b35f-bc7605515977?rule=mo-360, https://img.classistatic.de/api/v1/mo-prod/images/f8/f8d904aa-9e30-4016-865b-06bc17aa45e8?rule=mo-1600"
https://suchen.mobile.de/fahrzeuge/details.html?id=445528513&dam=false&isSearchRequest=true&ml=%3A50000&ms=17200%3B126%3B%3B&od=up&ref=srp&refId=81aea8a5-5dd9-209b-6be8-1757f701e0e0&s=Car&sb=rel&searchId=81aea8a5-5dd9-209b-6be8-1757f701e0e0&vc=Car,Mercedes-Benz 190,// EVO3 // 2.3 16v,"€18,000",Not found,Not found,Private Seller,LU-1350 Lommedalen,+47 45 44 71 60,No rating,Negotiable,from€195,https://www.mobile.de/finanzierung/route/outlink/1?adId=445528513&loanType=balloon&loanDuration=60&downPayment=3600&channel=desktop&placement=vip-monthly-rate-box&meta=loid%3Ae7a8e3d0-fc94-11f0-92ed-0bc7620ba9ec,https://www.mobile.de/finanzierung/route/outlink/1?adId=445528513&loanType=balloon&loanDuration=60&downPayment=3600&channel=desktop&placement=vip-monthly-rate-box&meta=loid%3Ae7a8e3d0-fc94-11f0-92ed-0bc7620ba9ec,"50,000 km",136 kW (185 hp),Petrol,Manual gearbox,01/1988,"Used vehicle, Accident-free, Not roadworthy",Saloon,,,,,23 ccm,Internal combustion engine,,,,,"Alloy wheels, Rear wheel drive, Summer tyres","https://img.classistatic.de/api/v1/mo-prod/images/eb/ebabacd0-0bcf-4423-9b19-f50fc2f54bcf?rule=mo-1024, https://img.classistatic.de/api/v1/mo-prod/images/eb/ebabacd0-0bcf-4423-9b19-f50fc2f54bcf?rule=mo-1600, https://img.classistatic.de/api/v1/mo-prod/images/7e/7e6b7cd6-a847-4717-959e-532864758928?rule=mo-1600, https://img.classistatic.de/api/v1/mo-prod/images/68/689f6d01-c2ac-4447-bf7a-560db453b0d6?rule=mo-1600, https://img.classistatic.de/api/v1/mo-prod/images/68/689f6d01-c2ac-4447-bf7a-560db453b0d6?rule=mo-1024, https://img.classistatic.de/api/v1/mo-prod/images/68/689f6d01-c2ac-4447-bf7a-560db453b0d6?rule=mo-360, https://img.classistatic.de/api/v1/mo-prod/images/eb/ebabacd0-0bcf-4423-9b19-f50fc2f54bcf?rule=mo-360, https://img.classistatic.de/api/v1/mo-prod/images/7e/7e6b7cd6-a847-4717-959e-532864758928?rule=mo-360, https://img.classistatic.de/api/v1/mo-prod/images/7e/7e6b7cd6-a847-4717-959e-532864758928?rule=mo-1024"
https://suchen.mobile.de/fahrzeuge/details.html?id=444729829&dam=false&isSearchRequest=true&ml=%3A50000&ms=17200%3B126%3B%3B&od=up&ref=srp&refId=81aea8a5-5dd9-209b-6be8-1757f701e0e0&s=Car&sb=rel&searchId=81aea8a5-5dd9-209b-6be8-1757f701e0e0&vc=Car,Mercedes-Benz 190,015234664527,"€5,000",Not found,Not found,Private Seller,DE-79787 Lauchringen,Not found,No rating,Not found,from€55,https://www.mobile.de/finanzierung/route/outlink/1?adId=444729829&loanType=balloon&loanDuration=60&downPayment=1000&channel=desktop&placement=vip-monthly-rate-box&meta=loid%3A018bc830-fc95-11f0-87ad-6962950da07e,https://www.mobile.de/finanzierung/route/outlink/1?adId=444729829&loanType=balloon&loanDuration=60&downPayment=1000&channel=desktop&placement=vip-monthly-rate-box&meta=loid%3A018bc830-fc95-11f0-87ad-6962950da07e,"11,000 km",,Petrol,Automatic,11/2002,Used vehicle,Small Car,,,,,,Internal combustion engine,,,,,Bluetooth,"https://img.classistatic.de/api/v1/mo-prod/images/c3/c389ebf4-1095-40ff-a663-b09b5c52a4ce?rule=mo-360, https://img.classistatic.de/api/v1/mo-prod/images/61/610548bd-5dde-4585-b805-7d0385359e64?rule=mo-1600, https://img.classistatic.de/api/v1/mo-prod/images/c3/c389ebf4-1095-40ff-a663-b09b5c52a4ce?rule=mo-1024, https://img.classistatic.de/api/v1/mo-prod/images/61/610548bd-5dde-4585-b805-7d0385359e64?rule=mo-1024, https://img.classistatic.de/api/v1/mo-prod/images/15/1584e726-a251-4c22-82b2-0c426b7e8483?rule=mo-360, https://img.classistatic.de/api/v1/mo-prod/images/15/1584e726-a251-4c22-82b2-0c426b7e8483?rule=mo-1024, https://img.classistatic.de/api/v1/mo-prod/images/61/610548bd-5dde-4585-b805-7d0385359e64?rule=mo-360, https://img.classistatic.de/api/v1/mo-prod/images/c3/c389ebf4-1095-40ff-a663-b09b5c52a4ce?rule=mo-1600, https://img.classistatic.de/api/v1/mo-prod/images/15/1584e726-a251-4c22-82b2-0c426b7e8483?rule=mo-1600"
https://suchen.mobile.de/fahrzeuge/details.html?id=446173338&dam=false&isSearchRequest=true&ml=%3A50000&ms=17200%3B126%3B%3B&od=up&ref=srp&refId=81aea8a5-5dd9-209b-6be8-1757f701e0e0&s=Car&sb=rel&searchId=81aea8a5-5dd9-209b-6be8-1757f701e0e0&vc=Car,Mercedes-Benz 190,,"€12,500",Not found,Not found,Private Seller,PL-27-200 Starachowice,Not found,No rating,Not found,from€136,https://www.mobile.de/finanzierung/route/outlink/1?adId=446173338&loanType=balloon&loanDuration=60&downPayment=2500&channel=desktop&placement=vip-monthly-rate-box&meta=loid%3A0b5f3180-fc95-11f0-b69a-950c138bbbf2,https://www.mobile.de/finanzierung/route/outlink/1?adId=446173338&loanType=balloon&loanDuration=60&downPayment=2500&channel=desktop&placement=vip-monthly-rate-box&meta=loid%3A0b5f3180-fc95-11f0-b69a-950c138bbbf2,"47,000 km",118 kW (160 hp),Petrol,Manual gearbox,06/1988,Used vehicle,Saloon,,,,,"2,600 ccm",Internal combustion engine,,,,,"ABS, Alloy wheels, Leather steering wheel, Power Assisted Steering, Rear wheel drive, Sports package, Sunroof, Tuner/radio","https://img.classistatic.de/api/v1/mo-prod/images/bb/bb4ce934-befc-407b-aa6b-44e98dceb40d?rule=mo-1600, https://img.classistatic.de/api/v1/mo-prod/images/d4/d4ddc3a5-429b-4f9f-a5d3-756a56d22ef6?rule=mo-1024, https://img.classistatic.de/api/v1/mo-prod/images/bb/bb4ce934-befc-407b-aa6b-44e98dceb40d?rule=mo-360, https://img.classistatic.de/api/v1/mo-prod/images/2e/2e130afd-ce3a-4b6a-bade-78c0d310e08a?rule=mo-1024, https://img.classistatic.de/api/v1/mo-prod/images/2e/2e130afd-ce3a-4b6a-bade-78c0d310e08a?rule=mo-1600, https://img.classistatic.de/api/v1/mo-prod/images/d4/d4ddc3a5-429b-4f9f-a5d3-756a56d22ef6?rule=mo-1600, https://img.classistatic.de/api/v1/mo-prod/images/d4/d4ddc3a5-429b-4f9f-a5d3-756a56d22ef6?rule=mo-360, https://img.classistatic.de/api/v1/mo-prod/images/bb/bb4ce934-befc-407b-aa6b-44e98dceb40d?rule=mo-1024, https://img.classistatic.de/api/v1/mo-prod/images/2e/2e130afd-ce3a-4b6a-bade-78c0d310e08a?rule=mo-360"
https://suchen.mobile.de/fahrzeuge/details.html?id=444849565&dam=false&isSearchRequest=true&ml=%3A50000&ms=17200%3B126%3B%3B&od=up&ref=srp&refId=81aea8a5-5dd9-209b-6be8-1757f701e0e0&s=Car&sb=rel&searchId=81aea8a5-5dd9-209b-6be8-1757f701e0e0&vc=Car,Mercedes-Benz 190,Mercedes 190,"€29,999",Not found,Not found,Private Seller,DE-83071 Stephanskirchen,Not found,No rating,Not found,from€325,https://www.mobile.de/finanzierung/route/outlink/1?adId=444849565&loanType=balloon&loanDuration=60&downPayment=5999&channel=desktop&placement=vip-monthly-rate-box&meta=loid%3A14ff7ce0-fc95-11f0-831c-17157cf7c996,https://www.mobile.de/finanzierung/route/outlink/1?adId=444849565&loanType=balloon&loanDuration=60&downPayment=5999&channel=desktop&placement=vip-monthly-rate-box&meta=loid%3A14ff7ce0-fc95-11f0-831c-17157cf7c996,"35,000 km",55 kW (75 hp),Petrol,Manual gearbox,05/1956,Used vehicle,Saloon,,,,,,Internal combustion engine,,,,,,"https://img.classistatic.de/api/v1/mo-prod/images/c4/c49cb7c5-f047-4402-b85f-c06599c99cd3?rule=mo-1600, https://img.classistatic.de/api/v1/mo-prod/images/56/563a2e8e-4ec5-460b-9278-74b127e3770c?rule=mo-1024, https://img.classistatic.de/api/v1/mo-prod/images/56/563a2e8e-4ec5-460b-9278-74b127e3770c?rule=mo-360, https://img.classistatic.de/api/v1/mo-prod/images/c4/c49cb7c5-f047-4402-b85f-c06599c99cd3?rule=mo-360, https://img.classistatic.de/api/v1/mo-prod/images/5d/5d991669-6e00-48d7-8ece-cebcb82b8916?rule=mo-1600, https://img.classistatic.de/api/v1/mo-prod/images/5d/5d991669-6e00-48d7-8ece-cebcb82b8916?rule=mo-360, https://img.classistatic.de/api/v1/mo-prod/images/c4/c49cb7c5-f047-4402-b85f-c06599c99cd3?rule=mo-1024, https://img.classistatic.de/api/v1/mo-prod/images/56/563a2e8e-4ec5-460b-9278-74b127e3770c?rule=mo-1600, https://img.classistatic.de/api/v1/mo-prod/images/5d/5d991669-6e00-48d7-8ece-cebcb82b8916?rule=mo-1024"
https://suchen.mobile.de/fahrzeuge/details.html?id=437691551&dam=false&isSearchRequest=true&ml=%3A50000&ms=17200%3B126%3B%3B&od=up&pageNumber=2&ref=srp&refId=a8c922c9-4b65-f298-05e2-a25b60a65b10&s=Car&sb=rel&searchId=a8c922c9-4b65-f298-05e2-a25b60a65b10&vc=Car,Mercedes-Benz 190,"E, KEIN TAXI!, Sammlerfahrzeug, H-Zulassung","€22,900",Not found,Not found,Private Seller,DE-69412 Eberbach,+49 (0)172 7163289,No rating,Negotiable,from€248,https://www.mobile.de/finanzierung/route/outlink/1?adId=437691551&loanType=balloon&loanDuration=60&downPayment=4580&channel=desktop&placement=vip-monthly-rate-box&meta=loid%3A206964b0-fc95-11f0-8bc3-110e035aef66,https://www.mobile.de/finanzierung/route/outlink/1?adId=437691551&loanType=balloon&loanDuration=60&downPayment=4580&channel=desktop&placement=vip-monthly-rate-box&meta=loid%3A206964b0-fc95-11f0-8bc3-110e035aef66,"29,460 km",87 kW (118 hp),Petrol,Automatic,09/1989,"Used vehicle, Accident-free",Saloon,,,,,"1,996 ccm",Internal combustion engine,,,,,"Full Service History, Non-smoker vehicle, Power Assisted Steering, Rear wheel drive, Summer tyres","https://img.classistatic.de/api/v1/mo-prod/images/03/03cf10f0-90f9-4b07-b729-712b32d9ff0f?rule=mo-1600, https://img.classistatic.de/api/v1/mo-prod/images/e9/e9f263ad-584a-4d7c-a77c-40a3262f8ec3?rule=mo-1024, https://img.classistatic.de/api/v1/mo-prod/images/cc/cc44bd46-89df-4161-bd52-f0e0d972b241?rule=mo-360, https://img.classistatic.de/api/v1/mo-prod/images/e9/e9f263ad-584a-4d7c-a77c-40a3262f8ec3?rule=mo-360, https://img.classistatic.de/api/v1/mo-prod/images/03/03cf10f0-90f9-4b07-b729-712b32d9ff0f?rule=mo-360, https://img.classistatic.de/api/v1/mo-prod/images/cc/cc44bd46-89df-4161-bd52-f0e0d972b241?rule=mo-1600, https://img.classistatic.de/api/v1/mo-prod/images/e9/e9f263ad-584a-4d7c-a77c-40a3262f8ec3?rule=mo-1600, https://img.classistatic.de/api/v1/mo-prod/images/03/03cf10f0-90f9-4b07-b729-712b32d9ff0f?rule=mo-1024, https://img.classistatic.de/api/v1/mo-prod/images/cc/cc44bd46-89df-4161-bd52-f0e0d972b241?rule=mo-1024"
https://suchen.mobile.de/fahrzeuge/details.html?id=436471158&dam=false&isSearchRequest=true&ml=%3A50000&ms=17200%3B126%3B%3B&od=up&pageNumber=2&ref=srp&refId=a8c922c9-4b65-f298-05e2-a25b60a65b10&s=Car&sb=rel&searchId=a8c922c9-4b65-f298-05e2-a25b60a65b10&vc=Car,Mercedes-Benz 190,,"€16,250",Not found,Not found,Private Seller,LV-5404 Daugavpils,+371 26 310 029,No rating,Not found,from€176,https://www.mobile.de/finanzierung/route/outlink/1?adId=436471158&loanType=balloon&loanDuration=60&downPayment=3250&channel=desktop&placement=vip-monthly-rate-box&meta=loid%3A24537020-fc95-11f0-a719-cf2fb7476613,https://www.mobile.de/finanzierung/route/outlink/1?adId=436471158&loanType=balloon&loanDuration=60&downPayment=3250&channel=desktop&placement=vip-monthly-rate-box&meta=loid%3A24537020-fc95-11f0-a719-cf2fb7476613,"50,000 km",40 kW (54 hp),Diesel,Manual gearbox,06/1962,"Used vehicle, Accident-free",Saloon,,,,,"1,988 ccm",Internal combustion engine,,,,,Rear wheel drive,"https://img.classistatic.de/api/v1/mo-prod/images/20/20871193-a3a3-4ff6-8c4b-d2675fce00de?rule=mo-1024, https://img.classistatic.de/api/v1/mo-prod/images/d6/d605557d-e424-4b53-8c0c-89fa587a233c?rule=mo-360, https://img.classistatic.de/api/v1/mo-prod/images/25/252c56a2-6b67-4e63-bc9e-6ab69975830e?rule=mo-360, https://img.classistatic.de/api/v1/mo-prod/images/d6/d605557d-e424-4b53-8c0c-89fa587a233c?rule=mo-1600, https://img.classistatic.de/api/v1/mo-prod/images/20/20871193-a3a3-4ff6-8c4b-d2675fce00de?rule=mo-360, https://img.classistatic.de/api/v1/mo-prod/images/25/252c56a2-6b67-4e63-bc9e-6ab69975830e?rule=mo-1024, https://img.classistatic.de/api/v1/mo-prod/images/25/252c56a2-6b67-4e63-bc9e-6ab69975830e?rule=mo-1600, https://img.classistatic.de/api/v1/mo-prod/images/20/20871193-a3a3-4ff6-8c4b-d2675fce00de?rule=mo-1600, https://img.classistatic.de/api/v1/mo-prod/images/d6/d605557d-e424-4b53-8c0c-89fa587a233c?rule=mo-1024"
https://suchen.mobile.de/fahrzeuge/details.html?id=445851239&dam=false&isSearchRequest=true&ml=%3A50000&ms=17200%3B126%3B%3B&od=up&pageNumber=2&ref=srp&refId=a8c922c9-4b65-f298-05e2-a25b60a65b10&s=Car&sb=rel&searchId=a8c922c9-4b65-f298-05e2-a25b60a65b10&vc=Car,Mercedes-Benz 190,E (W201) ! Erst 027.483 km ! Traumzustand !,"€16,850",4.9 stars,SKY AUTOMOBILE,SKY AUTOMOBILE,DE-52249 Eschweiler (bei Aachen),+49 (0)... ...,No rating,Not found,from€183,https://www.mobile.de/finanzierung/route/outlink/1?adId=445851239&loanType=balloon&loanDuration=60&downPayment=3370&channel=desktop&placement=vip-monthly-rate-box&meta=loid%3A28ecf570-fc95-11f0-9599-07af6c215e1e,https://www.mobile.de/finanzierung/route/outlink/1?adId=445851239&loanType=balloon&loanDuration=60&downPayment=3370&channel=desktop&placement=vip-monthly-rate-box&meta=loid%3A28ecf570-fc95-11f0-9599-07af6c215e1e,"27,483 km",80 kW (109 hp),Petrol,Manual gearbox,03/1993,Used vehicle,"Saloon, Classic",-,-,2481,,,Internal combustion engine,,,,,"Arm rest, Central locking, Electric side mirror, Electric windows, Power Assisted Steering, Rear wheel drive, Tuner/radio","https://img.classistatic.de/api/v1/mo-prod/images/cc/cc8e006b-47bb-4933-9963-32060d6a362f?rule=mo-1024, https://img.classistatic.de/api/v1/mo-prod/images/51/519da295-f8cc-413b-a4bd-62a70722cd90?rule=mo-1600, https://img.classistatic.de/api/v1/mo-prod/images/b7/b74dab09-b783-49e5-9567-108ef3929c28?rule=mo-1024, https://img.classistatic.de/api/v1/mo-prod/images/cc/cc8e006b-47bb-4933-9963-32060d6a362f?rule=mo-1600, https://img.classistatic.de/api/v1/mo-prod/images/51/519da295-f8cc-413b-a4bd-62a70722cd90?rule=mo-1024, https://img.classistatic.de/api/v1/mo-prod/images/b7/b74dab09-b783-49e5-9567-108ef3929c28?rule=mo-360, https://img.classistatic.de/api/v1/mo-prod/images/b7/b74dab09-b783-49e5-9567-108ef3929c28?rule=mo-1600, https://img.classistatic.de/api/v1/mo-prod/images/cc/cc8e006b-47bb-4933-9963-32060d6a362f?rule=mo-360, https://img.classistatic.de/api/v1/mo-prod/images/51/519da295-f8cc-413b-a4bd-62a70722cd90?rule=mo-360"
https://suchen.mobile.de/fahrzeuge/details.html?id=445192588&dam=false&isSearchRequest=true&ml=%3A50000&ms=17200%3B126%3B%3B&od=up&pageNumber=2&ref=srp&refId=a8c922c9-4b65-f298-05e2-a25b60a65b10&s=Car&sb=rel&searchId=a8c922c9-4b65-f298-05e2-a25b60a65b10&vc=Car,Mercedes-Benz 190,SL,"€89,900",4.3 stars,Garage Pereira Guillaume SA,Garage Pereira Guillaume SA,LU-4410 Soleuvre,+352 (0)... ...,No rating,Not found,from€972,https://www.mobile.de/finanzierung/route/outlink/1?adId=445192588&loanType=balloon&loanDuration=60&downPayment=17980&channel=desktop&placement=vip-monthly-rate-box&meta=loid%3A2618c6d0-fc95-11f0-b0e8-ff0ed7c09b3d,https://www.mobile.de/finanzierung/route/outlink/1?adId=445192588&loanType=balloon&loanDuration=60&downPayment=17980&channel=desktop&placement=vip-monthly-rate-box&meta=loid%3A2618c6d0-fc95-11f0-b0e8-ff0ed7c09b3d,"49,900 km",70 kW (95 hp),Petrol,Manual gearbox,09/1958,"Used vehicle, Accident-free",Convertible/Roadster,,,113618,EU edition,"1,988 ccm",Internal combustion engine,,,,,"Full Service History, Non-smoker vehicle","https://img.classistatic.de/api/v1/mo-prod/images/35/356c8caa-a501-4a0f-81f1-546d44fa2c78?rule=mo-1600, https://img.classistatic.de/api/v1/mo-prod/images/30/3052b386-73d4-4e2d-a8b1-bbfaac79fc35?rule=mo-1600, https://img.classistatic.de/api/v1/mo-prod/images/7c/7caed67f-5786-44eb-860f-f11b590e6347?rule=mo-1024, https://img.classistatic.de/api/v1/mo-prod/images/35/356c8caa-a501-4a0f-81f1-546d44fa2c78?rule=mo-1024, https://img.classistatic.de/api/v1/mo-prod/images/35/356c8caa-a501-4a0f-81f1-546d44fa2c78?rule=mo-360, https://img.classistatic.de/api/v1/mo-prod/images/30/3052b386-73d4-4e2d-a8b1-bbfaac79fc35?rule=mo-1024, https://img.classistatic.de/api/v1/mo-prod/images/7c/7caed67f-5786-44eb-860f-f11b590e6347?rule=mo-360, https://img.classistatic.de/api/v1/mo-prod/images/7c/7caed67f-5786-44eb-860f-f11b590e6347?rule=mo-1600, https://img.classistatic.de/api/v1/mo-prod/images/30/3052b386-73d4-4e2d-a8b1-bbfaac79fc35?rule=mo-360"
https://suchen.mobile.de/fahrzeuge/details.html?id=435630416&dam=false&isSearchRequest=true&ml=%3A50000&ms=17200%3B126%3B%3B&od=up&pageNumber=2&ref=srp&refId=a8c922c9-4b65-f298-05e2-a25b60a65b10&s=Car&sb=rel&searchId=a8c922c9-4b65-f298-05e2-a25b60a65b10&vc=Car,Mercedes-Benz 190,1HD. //ALLES ORGINAL // SCHECKHEFT LÜCKENLOS,"€13,800",Not found,Not found,Business,DE-65232 Taunusstein,+49 (0)172 4663234,No rating,Negotiable,from€150,https://www.mobile.de/finanzierung/route/outlink/1?adId=435630416&loanType=balloon&loanDuration=60&downPayment=2760&channel=desktop&placement=vip-monthly-rate-box&meta=loid%3A30d70550-fc95-11f0-a027-c197f7cb3619,https://www.mobile.de/finanzierung/route/outlink/1?adId=435630416&loanType=balloon&loanDuration=60&downPayment=2760&channel=desktop&placement=vip-monthly-rate-box&meta=loid%3A30d70550-fc95-11f0-a027-c197f7cb3619,"33,502 km",80 kW (109 hp),Petrol,,10/1990,Used vehicle,Saloon,,,,,"1,797 ccm",Internal combustion engine,,,,,,"https://img.classistatic.de/api/v1/mo-prod/images/8a/8afedb11-5d4d-450f-beb9-debfda85ccda?rule=mo-360, https://img.classistatic.de/api/v1/mo-prod/images/8a/8afedb11-5d4d-450f-beb9-debfda85ccda?rule=mo-1600, https://img.classistatic.de/api/v1/mo-prod/images/17/1730931a-7d59-4e25-bc8d-1dbd76197740?rule=mo-1024, https://img.classistatic.de/api/v1/mo-prod/images/17/1730931a-7d59-4e25-bc8d-1dbd76197740?rule=mo-1600, https://img.classistatic.de/api/v1/mo-prod/images/8a/8afedb11-5d4d-450f-beb9-debfda85ccda?rule=mo-1024, https://img.classistatic.de/api/v1/mo-prod/images/17/1730931a-7d59-4e25-bc8d-1dbd76197740?rule=mo-360, https://img.classistatic.de/api/v1/mo-prod/images/7d/7d569466-5322-4ad1-b93f-fa9d32f6fdc3?rule=mo-1024, https://img.classistatic.de/api/v1/mo-prod/images/7d/7d569466-5322-4ad1-b93f-fa9d32f6fdc3?rule=mo-360, https://img.classistatic.de/api/v1/mo-prod/images/7d/7d569466-5322-4ad1-b93f-fa9d32f6fdc3?rule=mo-1600"
https://suchen.mobile.de/fahrzeuge/details.html?id=446689754&dam=false&isSearchRequest=true&ml=%3A50000&ms=17200%3B126%3B%3B&od=up&pageNumber=2&ref=srp&refId=a8c922c9-4b65-f298-05e2-a25b60a65b10&s=Car&sb=rel&searchId=a8c922c9-4b65-f298-05e2-a25b60a65b10&vc=Car,Mercedes-Benz 190,180D,"€14,900",Not found,Not found,Private Seller,IT-31033 Castelfranco Veneto,Not found,No rating,Negotiable,from€162,https://www.mobile.de/finanzierung/route/outlink/1?adId=446689754&loanType=balloon&loanDuration=60&downPayment=2980&channel=desktop&placement=vip-monthly-rate-box&meta=loid%3A35c86ea0-fc95-11f0-bcb6-75cc2efa6701,https://www.mobile.de/finanzierung/route/outlink/1?adId=446689754&loanType=balloon&loanDuration=60&downPayment=2980&channel=desktop&placement=vip-monthly-rate-box&meta=loid%3A35c86ea0-fc95-11f0-bcb6-75cc2efa6701,"49,000 km",29 kW (39 hp),Diesel,Manual gearbox,01/1953,Used vehicle,Saloon,,,,,,Internal combustion engine,,,,,,"https://img.classistatic.de/api/v1/mo-prod/images/99/99d62e30-47c8-4686-9988-4deab7936705?rule=mo-360, https://img.classistatic.de/api/v1/mo-prod/images/99/99d62e30-47c8-4686-9988-4deab7936705?rule=mo-1600, https://img.classistatic.de/api/v1/mo-prod/images/b7/b71fa76b-e315-4cad-87bc-ce8a9bcc596f?rule=mo-1600, https://img.classistatic.de/api/v1/mo-prod/images/46/4678dc14-5a8c-49f9-845d-3a8ac9e6019a?rule=mo-1024, https://img.classistatic.de/api/v1/mo-prod/images/46/4678dc14-5a8c-49f9-845d-3a8ac9e6019a?rule=mo-1600, https://img.classistatic.de/api/v1/mo-prod/images/46/4678dc14-5a8c-49f9-845d-3a8ac9e6019a?rule=mo-360, https://img.classistatic.de/api/v1/mo-prod/images/b7/b71fa76b-e315-4cad-87bc-ce8a9bcc596f?rule=mo-360, https://img.classistatic.de/api/v1/mo-prod/images/b7/b71fa76b-e315-4cad-87bc-ce8a9bcc596f?rule=mo-1024, https://img.classistatic.de/api/v1/mo-prod/images/99/99d62e30-47c8-4686-9988-4deab7936705?rule=mo-1024"
https://suchen.mobile.de/fahrzeuge/details.html?id=445926798&dam=false&isSearchRequest=true&ml=%3A50000&ms=17200%3B126%3B%3B&od=up&pageNumber=2&ref=srp&refId=a8c922c9-4b65-f298-05e2-a25b60a65b10&s=Car&sb=rel&searchId=a8c922c9-4b65-f298-05e2-a25b60a65b10&vc=Car,Not found,Not found,Not found,Not found,Not found,,Not found,Not found,Not found,Not found,Not found,Not found,Not found,,,,,,,,,,,,,,,,,,,
